Workbook

Sheet Boshlash
A1: Biznes uchun Kassa va Qarzdorlar hisobi
A2: Sariq kataklar - o'zingiz yozasiz. Oq kataklar - avtomatik, ustidan yozmang.
A4: Boshlang'ich kassa qoldig'i | B4: 0 | C4: Birinchi yozuvdan oldin kassada bo'lgan pul (siz kiritasiz).
A5: Biznes nomi | B5: Mening biznesim
A7: QANDAY FOYDALANISH (3 qadam)
A8: 1. Kassa kitobi: har bir pul kirimi va chiqimini yozing. Kelgan pul - 'Kirim' ustuniga, to'langan pul - 'Chiqim' ustuniga MINUS bilan (ijara 200 bo'lsa: -200). Qoldiq o'zi hisoblanadi.
A9: 2. Sotuvlar: mijozga nasiyaga sotsangiz, shu yerga yozing (sana, mijoz, summa).
A10: 3. Mijoz pul to'laganda: Kassa kitobiga 'Kirim' sifatida yozing va oxirgi ustunda mijoz nomini tanlang. Qarz avtomatik kamayadi.
A11: Yangi mijozni 'Qarzdorlar' varag'ining A ustuniga yozing - u ro'yxatda paydo bo'ladi.
A12: Xulosa varag'ida: kassadagi pul, mijozlar qarzi va oylar bo'yicha kirim-chiqim ko'rinadi. Yilni o'zgartirishingiz mumkin.
A13: 'NAMUNA' deb yozilgan qatorlar ko'rsatma uchun - ularni o'chirib, o'zingiznikini yozing. Formulalar 504-qatorgacha tayyor.
A15: TOIFALAR (ro'yxatni o'zgartirishingiz mumkin - Kassa kitobida tanlanadi)
A16: Mijoz to'lovi
A17: Boshqa daromad
A18: Ijara
A19: Ish haqi
... A26: Boshqa xarajat

Sheet Xulosa
A1: Xulosa
A2: Hammasi avtomatik. Faqat yilni o'zgartirishingiz mumkin.
A4: Boshlang'ich kassa qoldig'i | B4: =Boshlash!B4 -> 0
A5: Jami kirim | B5: =SUM('Kassa kitobi'!D5:D504) -> 500
A6: Jami chiqim | B6: =SUM('Kassa kitobi'!E5:E504) -> -300
A7: HOZIRGI KASSA QOLDIG'I | B7: =B4+B5+B6 -> 200
A8: MIJOZLAR QARZI (bizga qarzdor) | B8: =Qarzdorlar!D5 -> 700
A10: Yil | B10: 2026
A12: Oy | B12: Kirim | C12: Chiqim | D12: Sof pul oqimi
A13: Yanvar | B13: =SUMIFS('Kassa kitobi'!$D$5:$D$504,'Kassa kitobi'!$A$5:$A$504,">="&DATE($B$10,1,1),'Kassa kitobi'!$A$5:$A$504,"<"&DATE($B$10,2,1)) -> 0 | C13: =SUMIFS('Kassa kitobi'!$E$5:$E$504,'Kassa kitobi'!$A$5:$A$504,">="&DATE($B$10,1,1),'Kassa kitobi'!$A$5:$A$504,"<"&DATE($B$10,2,1)) -> 0 | D13: =B13+C13 -> 0
A14: Fevral | B14: =SUMIFS('Kassa kitobi'!$D$5:$D$504,'Kassa kitobi'!$A$5:$A$504,">="&DATE($B$10,2,1),'Kassa kitobi'!$A$5:$A$504,"<"&DATE($B$10,3,1)) -> 0 | C14: =SUMIFS('Kassa kitobi'!$E$5:$E$504,'Kassa kitobi'!$A$5:$A$504,">="&DATE($B$10,2,1),'Kassa kitobi'!$A$5:$A$504,"<"&DATE($B$10,3,1)) -> 0 | D14: =B14+C14 -> 0
A15: Mart | B15: =SUMIFS('Kassa kitobi'!$D$5:$D$504,'Kassa kitobi'!$A$5:$A$504,">="&DATE($B$10,3,1),'Kassa kitobi'!$A$5:$A$504,"<"&DATE($B$10,4,1)) -> 0 | C15: =SUMIFS('Kassa kitobi'!$E$5:$E$504,'Kassa kitobi'!$A$5:$A$504,">="&DATE($B$10,3,1),'Kassa kitobi'!$A$5:$A$504,"<"&DATE($B$10,4,1)) -> 0 | D15: =B15+C15 -> 0
A16: Aprel | B16: =SUMIFS('Kassa kitobi'!$D$5:$D$504,'Kassa kitobi'!$A$5:$A$504,">="&DATE($B$10,4,1),'Kassa kitobi'!$A$5:$A$504,"<"&DATE($B$10,5,1)) -> 0 | C16: =SUMIFS('Kassa kitobi'!$E$5:$E$504,'Kassa kitobi'!$A$5:$A$504,">="&DATE($B$10,4,1),'Kassa kitobi'!$A$5:$A$504,"<"&DATE($B$10,5,1)) -> 0 | D16: =B16+C16 -> 0
A17: May | B17: =SUMIFS('Kassa kitobi'!$D$5:$D$504,'Kassa kitobi'!$A$5:$A$504,">="&DATE($B$10,5,1),'Kassa kitobi'!$A$5:$A$504,"<"&DATE($B$10,6,1)) -> 0 | C17: =SUMIFS('Kassa kitobi'!$E$5:$E$504,'Kassa kitobi'!$A$5:$A$504,">="&DATE($B$10,5,1),'Kassa kitobi'!$A$5:$A$504,"<"&DATE($B$10,6,1)) -> 0 | D17: =B17+C17 -> 0
A18: Iyun | B18: =SUMIFS('Kassa kitobi'!$D$5:$D$504,'Kassa kitobi'!$A$5:$A$504,">="&DATE($B$10,6,1),'Kassa kitobi'!$A$5:$A$504,"<"&DATE($B$10,7,1)) -> 0 | C18: =SUMIFS('Kassa kitobi'!$E$5:$E$504,'Kassa kitobi'!$A$5:$A$504,">="&DATE($B$10,6,1),'Kassa kitobi'!$A$5:$A$504,"<"&DATE($B$10,7,1)) -> 0 | D18: =B18+C18 -> 0
A19: Iyul | B19: =SUMIFS('Kassa kitobi'!$D$5:$D$504,'Kassa kitobi'!$A$5:$A$504,">="&DATE($B$10,7,1),'Kassa kitobi'!$A$5:$A$504,"<"&DATE($B$10,8,1)) -> 0 | C19: =SUMIFS('Kassa kitobi'!$E$5:$E$504,'Kassa kitobi'!$A$5:$A$504,">="&DATE($B$10,7,1),'Kassa kitobi'!$A$5:$A$504,"<"&DATE($B$10,8,1)) -> 0 | D19: =B19+C19 -> 0
A20: Avgust | B20: =SUMIFS('Kassa kitobi'!$D$5:$D$504,'Kassa kitobi'!$A$5:$A$504,">="&DATE($B$10,8,1),'Kassa kitobi'!$A$5:$A$504,"<"&DATE($B$10,9,1)) -> 0 | C20: =SUMIFS('Kassa kitobi'!$E$5:$E$504,'Kassa kitobi'!$A$5:$A$504,">="&DATE($B$10,8,1),'Kassa kitobi'!$A$5:$A$504,"<"&DATE($B$10,9,1)) -> 0 | D20: =B20+C20 -> 0
A21: Sentabr | B21: =SUMIFS('Kassa kitobi'!$D$5:$D$504,'Kassa kitobi'!$A$5:$A$504,">="&DATE($B$10,9,1),'Kassa kitobi'!$A$5:$A$504,"<"&DATE($B$10,10,1)) -> 0 | C21: =SUMIFS('Kassa kitobi'!$E$5:$E$504,'Kassa kitobi'!$A$5:$A$504,">="&DATE($B$10,9,1),'Kassa kitobi'!$A$5:$A$504,"<"&DATE($B$10,10,1)) -> 0 | D21: =B21+C21 -> 0
A22: Oktabr | B22: =SUMIFS('Kassa kitobi'!$D$5:$D$504,'Kassa kitobi'!$A$5:$A$504,">="&DATE($B$10,10,1),'Kassa kitobi'!$A$5:$A$504,"<"&DATE($B$10,11,1)) -> 500 | C22: =SUMIFS('Kassa kitobi'!$E$5:$E$504,'Kassa kitobi'!$A$5:$A$504,">="&DATE($B$10,10,1),'Kassa kitobi'!$A$5:$A$504,"<"&DATE($B$10,11,1)) -> -300 | D22: =B22+C22 -> 200
A23: Noyabr | B23: =SUMIFS('Kassa kitobi'!$D$5:$D$504,'Kassa kitobi'!$A$5:$A$504,">="&DATE($B$10,11,1),'Kassa kitobi'!$A$5:$A$504,"<"&DATE($B$10,12,1)) -> 0 | C23: =SUMIFS('Kassa kitobi'!$E$5:$E$504,'Kassa kitobi'!$A$5:$A$504,">="&DATE($B$10,11,1),'Kassa kitobi'!$A$5:$A$504,"<"&DATE($B$10,12,1)) -> 0 | D23: =B23+C23 -> 0
A24: Dekabr | B24: =SUMIFS('Kassa kitobi'!$D$5:$D$504,'Kassa kitobi'!$A$5:$A$504,">="&DATE($B$10,12,1),'Kassa kitobi'!$A$5:$A$504,"<"&DATE($B$10,13,1)) -> 0 | C24: =SUMIFS('Kassa kitobi'!$E$5:$E$504,'Kassa kitobi'!$A$5:$A$504,">="&DATE($B$10,12,1),'Kassa kitobi'!$A$5:$A$504,"<"&DATE($B$10,13,1)) -> 0 | D24: =B24+C24 -> 0
A25: JAMI | B25: =SUM(B13:B24) -> 500 | C25: =SUM(C13:C24) -> -300 | D25: =SUM(D13:D24) -> 200

Sheet Kassa kitobi
A1: Kassa kitobi - pul kirimi va chiqimi
A2: Faqat sariq ustunlarga yozing. Kirim - musbat son, Chiqim - minus bilan (masalan -200). Qoldiq avtomatik.
A4: Sana | B4: Izoh | C4: Toifa | D4: Kirim | E4: Chiqim (minus bilan) | F4: Qoldiq | G4: Mijoz (mijoz to'lovi bo'lsa)
A5: 46296 | B5: NAMUNA - Namuna MChJ dan to'lov | C5: Mijoz to'lovi | D5: 500 | F5: =IF(AND(D5="",E5=""),"",Boshlash!$B$4+SUM($D$5:D5)+SUM($E$5:E5)) -> 500 | G5: Namuna MChJ
A6: 46297 | B6: NAMUNA - ofis ijarasi | C6: Ijara | E6: -300 | F6: =IF(AND(D6="",E6=""),"",Boshlash!$B$4+SUM($D$5:D6)+SUM($E$5:E6)) -> 200
F7: =IF(AND(D7="",E7=""),"",Boshlash!$B$4+SUM($D$5:D7)+SUM($E$5:E7))
F8: =IF(AND(D8="",E8=""),"",Boshlash!$B$4+SUM($D$5:D8)+SUM($E$5:E8))
F9: =IF(AND(D9="",E9=""),"",Boshlash!$B$4+SUM($D$5:D9)+SUM($E$5:E9))
F10: =IF(AND(D10="",E10=""),"",Boshlash!$B$4+SUM($D$5:D10)+SUM($E$5:E10))
F11: =IF(AND(D11="",E11=""),"",Boshlash!$B$4+SUM($D$5:D11)+SUM($E$5:E11))
F12: =IF(AND(D12="",E12=""),"",Boshlash!$B$4+SUM($D$5:D12)+SUM($E$5:E12))
F13: =IF(AND(D13="",E13=""),"",Boshlash!$B$4+SUM($D$5:D13)+SUM($E$5:E13))
F14: =IF(AND(D14="",E14=""),"",Boshlash!$B$4+SUM($D$5:D14)+SUM($E$5:E14))
F15: =IF(AND(D15="",E15=""),"",Boshlash!$B$4+SUM($D$5:D15)+SUM($E$5:E15))
F16: =IF(AND(D16="",E16=""),"",Boshlash!$B$4+SUM($D$5:D16)+SUM($E$5:E16))
F17: =IF(AND(D17="",E17=""),"",Boshlash!$B$4+SUM($D$5:D17)+SUM($E$5:E17))
F18: =IF(AND(D18="",E18=""),"",Boshlash!$B$4+SUM($D$5:D18)+SUM($E$5:E18))
... F504: =IF(AND(D504="",E504=""),"",Boshlash!$B$4+SUM($D$5:D504)+SUM($E$5:E504))

Sheet Sotuvlar
A1: Sotuvlar - mijozlarga nasiyaga sotilgan tovar/xizmat
A2: Sariq ustunlarga yozing. Mijoz nomini ro'yxatdan tanlang.
A4: Sana | B4: Mijoz | C4: Izoh | D4: Summa
A5: 46280 | B5: Namuna MChJ | C5: NAMUNA - yetkazilgan tovar | D5: 1200

Sheet Qarzdorlar
A1: Qarzdorlar - har bir mijozning qarzi
A2: Mijoz nomlarini A ustuniga yozing. Qolganlari avtomatik: qarz = jami sotuv - jami to'lov.
A4: Mijoz | B4: Jami sotuv | C4: Jami to'lov | D4: Qarz qoldig'i
A5: JAMI | B5: =SUM(B7:B106) -> 1200 | C5: =SUM(C7:C106) -> 500 | D5: =SUM(D7:D106) -> 700
A6: Mijozlar ro'yxati (pastga qo'shing)
A7: Namuna MChJ | B7: =IF($A7="","",SUMIFS(Sotuvlar!$D$5:$D$504,Sotuvlar!$B$5:$B$504,$A7)) -> 1200 | C7: =IF($A7="","",SUMIFS('Kassa kitobi'!$D$5:$D$504,'Kassa kitobi'!$G$5:$G$504,$A7)) -> 500 | D7: =IF($A7="","",B7-C7) -> 700
B8: =IF($A8="","",SUMIFS(Sotuvlar!$D$5:$D$504,Sotuvlar!$B$5:$B$504,$A8)) | C8: =IF($A8="","",SUMIFS('Kassa kitobi'!$D$5:$D$504,'Kassa kitobi'!$G$5:$G$504,$A8)) | D8: =IF($A8="","",B8-C8)
B9: =IF($A9="","",SUMIFS(Sotuvlar!$D$5:$D$504,Sotuvlar!$B$5:$B$504,$A9)) | C9: =IF($A9="","",SUMIFS('Kassa kitobi'!$D$5:$D$504,'Kassa kitobi'!$G$5:$G$504,$A9)) | D9: =IF($A9="","",B9-C9)
B10: =IF($A10="","",SUMIFS(Sotuvlar!$D$5:$D$504,Sotuvlar!$B$5:$B$504,$A10)) | C10: =IF($A10="","",SUMIFS('Kassa kitobi'!$D$5:$D$504,'Kassa kitobi'!$G$5:$G$504,$A10)) | D10: =IF($A10="","",B10-C10)
B11: =IF($A11="","",SUMIFS(Sotuvlar!$D$5:$D$504,Sotuvlar!$B$5:$B$504,$A11)) | C11: =IF($A11="","",SUMIFS('Kassa kitobi'!$D$5:$D$504,'Kassa kitobi'!$G$5:$G$504,$A11)) | D11: =IF($A11="","",B11-C11)
B12: =IF($A12="","",SUMIFS(Sotuvlar!$D$5:$D$504,Sotuvlar!$B$5:$B$504,$A12)) | C12: =IF($A12="","",SUMIFS('Kassa kitobi'!$D$5:$D$504,'Kassa kitobi'!$G$5:$G$504,$A12)) | D12: =IF($A12="","",B12-C12)
B13: =IF($A13="","",SUMIFS(Sotuvlar!$D$5:$D$504,Sotuvlar!$B$5:$B$504,$A13)) | C13: =IF($A13="","",SUMIFS('Kassa kitobi'!$D$5:$D$504,'Kassa kitobi'!$G$5:$G$504,$A13)) | D13: =IF($A13="","",B13-C13)
B14: =IF($A14="","",SUMIFS(Sotuvlar!$D$5:$D$504,Sotuvlar!$B$5:$B$504,$A14)) | C14: =IF($A14="","",SUMIFS('Kassa kitobi'!$D$5:$D$504,'Kassa kitobi'!$G$5:$G$504,$A14)) | D14: =IF($A14="","",B14-C14)
B15: =IF($A15="","",SUMIFS(Sotuvlar!$D$5:$D$504,Sotuvlar!$B$5:$B$504,$A15)) | C15: =IF($A15="","",SUMIFS('Kassa kitobi'!$D$5:$D$504,'Kassa kitobi'!$G$5:$G$504,$A15)) | D15: =IF($A15="","",B15-C15)
B16: =IF($A16="","",SUMIFS(Sotuvlar!$D$5:$D$504,Sotuvlar!$B$5:$B$504,$A16)) | C16: =IF($A16="","",SUMIFS('Kassa kitobi'!$D$5:$D$504,'Kassa kitobi'!$G$5:$G$504,$A16)) | D16: =IF($A16="","",B16-C16)
B17: =IF($A17="","",SUMIFS(Sotuvlar!$D$5:$D$504,Sotuvlar!$B$5:$B$504,$A17)) | C17: =IF($A17="","",SUMIFS('Kassa kitobi'!$D$5:$D$504,'Kassa kitobi'!$G$5:$G$504,$A17)) | D17: =IF($A17="","",B17-C17)
B18: =IF($A18="","",SUMIFS(Sotuvlar!$D$5:$D$504,Sotuvlar!$B$5:$B$504,$A18)) | C18: =IF($A18="","",SUMIFS('Kassa kitobi'!$D$5:$D$504,'Kassa kitobi'!$G$5:$G$504,$A18)) | D18: =IF($A18="","",B18-C18)
B19: =IF($A19="","",SUMIFS(Sotuvlar!$D$5:$D$504,Sotuvlar!$B$5:$B$504,$A19)) | C19: =IF($A19="","",SUMIFS('Kassa kitobi'!$D$5:$D$504,'Kassa kitobi'!$G$5:$G$504,$A19)) | D19: =IF($A19="","",B19-C19)
... B106: =IF($A106="","",SUMIFS(Sotuvlar!$D$5:$D$504,Sotuvlar!$B$5:$B$504,$A106)) | C106: =IF($A106="","",SUMIFS('Kassa kitobi'!$D$5:$D$504,'Kassa kitobi'!$G$5:$G$504,$A106)) | D106: =IF($A106="","",B106-C106)
